step,type,amount,nameOrig,oldbalanceOrg,newbalanceOrig,nameDest,oldbalanceDest,newbalanceDest
543,TRANSFER,74436.56,C694879733,74436.56,0.0,C1164535816,0.0,0.0
543,CASH_OUT,74436.56,C1022475357,74436.56,0.0,C1086411656,201151.33,275587.89
543,TRANSFER,57204.07,C2080854887,57204.07,0.0,C2001477258,0.0,0.0
543,CASH_OUT,57204.07,C947854102,57204.07,0.0,C149021692,2726027.96,2783232.03
543,TRANSFER,2558618.27,C1229649217,2558618.27,0.0,C642148524,0.0,0.0
543,CASH_OUT,2558618.27,C2020129633,2558618.27,0.0,C1104272087,1.36264153E7,1.618503357E7
