step,type,amount,nameOrig,oldbalanceOrg,newbalanceOrig,nameDest,oldbalanceDest,newbalanceDest
535,TRANSFER,606501.57,C602476051,606501.57,0.0,C2044007748,0.0,0.0
535,CASH_OUT,606501.57,C1911204207,606501.57,0.0,C1641192093,123759.67,730261.24
535,TRANSFER,72878.02,C1068111301,72878.02,0.0,C124815861,0.0,0.0
535,CASH_OUT,72878.02,C1080600836,72878.02,0.0,C1836993798,55093.16,127971.18
535,TRANSFER,588173.24,C723173004,588173.24,0.0,C702315593,0.0,0.0
535,CASH_OUT,588173.24,C253741905,588173.24,0.0,C575853652,1.615276321E7,1.674093645E7
