step,type,amount,nameOrig,oldbalanceOrg,newbalanceOrig,nameDest,oldbalanceDest,newbalanceDest
247,TRANSFER,802421.39,C1768918738,802421.39,0.0,C1846753958,0.0,0.0
247,CASH_OUT,802421.39,C369107118,802421.39,0.0,C463164064,1.184626168E7,1.264868306E7
247,TRANSFER,2025628.87,C542081155,2025628.87,0.0,C1155430613,0.0,0.0
247,CASH_OUT,2025628.87,C1840157167,2025628.87,0.0,C760531323,914254.52,2939883.39
247,TRANSFER,76646.05,C2015533974,76646.05,0.0,C110048242,0.0,0.0
247,CASH_OUT,76646.05,C1873858924,76646.05,0.0,C587506100,0.0,76646.05
247,TRANSFER,333082.71,C1332702654,333082.71,0.0,C858197889,0.0,0.0
247,CASH_OUT,333082.71,C1816884932,333082.71,0.0,C2028261196,122730.47,455813.18
