step,type,amount,nameOrig,oldbalanceOrg,newbalanceOrig,nameDest,oldbalanceDest,newbalanceDest
696,TRANSFER,343972.5,C265189494,343972.5,0.0,C902415658,0.0,0.0
696,CASH_OUT,343972.5,C318150552,343972.5,0.0,C1956659443,0.0,343972.5
696,TRANSFER,44044.79,C840857519,44044.79,0.0,C227745281,0.0,0.0
696,CASH_OUT,44044.79,C616299190,44044.79,0.0,C1906321498,0.0,44044.79
696,TRANSFER,803038.11,C1481259935,803038.11,0.0,C749805705,0.0,0.0
696,CASH_OUT,803038.11,C2124823897,803038.11,0.0,C1017913693,1.05021289E7,1.130516701E7
