step,type,amount,nameOrig,oldbalanceOrg,newbalanceOrig,nameDest,oldbalanceDest,newbalanceDest
677,TRANSFER,1.0E7,C1709472240,1.929545424E7,9295454.24,C225746427,0.0,0.0
677,CASH_OUT,1.0E7,C1896858408,1.0E7,0.0,C952858643,1622330.57,1.162233057E7
677,TRANSFER,9295454.24,C1216463302,9295454.24,0.0,C1920599052,0.0,0.0
677,CASH_OUT,9295454.24,C918631268,9295454.24,0.0,C1985219083,486305.42,9781759.67
677,TRANSFER,1600721.32,C1890383797,1600721.32,0.0,C1224355851,0.0,0.0
677,CASH_OUT,1600721.32,C2142600203,1600721.32,0.0,C1363796559,0.0,1600721.32
677,TRANSFER,1136374.62,C964435402,1136374.62,0.0,C9599628,0.0,0.0
677,CASH_OUT,1136374.62,C110707602,1136374.62,0.0,C348031801,820273.26,1956647.88
