step,type,amount,nameOrig,oldbalanceOrg,newbalanceOrig,nameDest,oldbalanceDest,newbalanceDest
418,TRANSFER,452261.67,C1463709824,452261.67,0.0,C1030417644,0.0,0.0
418,CASH_OUT,452261.67,C366045175,452261.67,0.0,C1443885284,577217.57,1029479.24
418,TRANSFER,892376.71,C1948643468,892376.71,0.0,C118884572,0.0,0.0
418,CASH_OUT,892376.71,C1724722512,892376.71,0.0,C861479607,3.173051436E7,3.262289107E7
418,TRANSFER,34498.05,C1185258850,34498.05,0.0,C1779051120,0.0,0.0
418,CASH_OUT,34498.05,C1824510333,34498.05,0.0,C731687431,0.0,34498.05
