step,type,amount,nameOrig,oldbalanceOrg,newbalanceOrig,nameDest,oldbalanceDest,newbalanceDest
734,TRANSFER,1.0E7,C1891630790,1.181004485E7,1810044.85,C2124431731,0.0,0.0
734,CASH_OUT,1.0E7,C131420902,1.0E7,0.0,C635621973,2571402.25,1.257140225E7
734,TRANSFER,1810044.85,C1987403065,1810044.85,0.0,C846200321,0.0,0.0
734,CASH_OUT,1810044.85,C491326843,1810044.85,0.0,C1833702412,1005720.69,2815765.54
734,TRANSFER,2079746.13,C303008218,2079746.13,0.0,C1140317769,0.0,0.0
734,CASH_OUT,2079746.13,C1063299871,2079746.13,0.0,C884992368,0.0,2079746.13
734,TRANSFER,23912.2,C1790385148,23912.2,0.0,C1671472479,0.0,0.0
734,CASH_OUT,23912.2,C4748745,23912.2,0.0,C1953200125,338951.65,362863.85
