step,type,amount,nameOrig,oldbalanceOrg,newbalanceOrig,nameDest,oldbalanceDest,newbalanceDest
506,TRANSFER,1048100.0,C1355391463,1048100.0,0.0,C1870887119,0.0,0.0
506,CASH_OUT,1048100.0,C858739147,1048100.0,0.0,C1868986147,3311018.47,4359118.47
506,TRANSFER,575082.97,C1784131536,575082.97,0.0,C585236390,0.0,0.0
506,CASH_OUT,575082.97,C307372020,575082.97,0.0,C1513349035,0.0,575082.97
506,TRANSFER,1.0E7,C260657856,1.704171954E7,7041719.54,C801890101,0.0,0.0
506,CASH_OUT,1.0E7,C1180822515,1.0E7,0.0,C758711155,1920358.24,1.192035824E7
506,TRANSFER,7041719.54,C295695808,7041719.54,0.0,C1634584019,0.0,0.0
506,CASH_OUT,7041719.54,C321971640,7041719.54,0.0,C2084611108,0.0,7041719.54
