step,type,amount,nameOrig,oldbalanceOrg,newbalanceOrig,nameDest,oldbalanceDest,newbalanceDest
682,TRANSFER,368951.94,C1613048807,368951.94,0.0,C1093117113,0.0,0.0
682,CASH_OUT,368951.94,C2106880723,368951.94,0.0,C626396465,19141.57,388093.51
682,TRANSFER,5271.46,C1799298799,5271.46,0.0,C825667044,0.0,0.0
682,CASH_OUT,5271.46,C1642527163,5271.46,0.0,C1423205265,1.160523419E7,1.161050564E7
682,TRANSFER,64557.77,C832155685,64557.77,0.0,C92914584,0.0,0.0
682,CASH_OUT,64557.77,C1662040818,64557.77,0.0,C906325227,9899500.06,9964057.83
