{"RuleTriggered": 0, "Violations": 0, "Details": {"pin_memory": false, "num_workers": 0, "cores": 36, "dataloaders": 1, "dataloading_time": {"p25": 0.02284775, "p50": 0.023145, "p95": 0.0255385, "probs": [1, 0, 0, 0, 0, 0, 0, 0, 0, 0, 0, 0, 0, 0, 0, 0, 0, 0, 0, 0, 0, 0, 0, 0, 0, 0, 0, 0, 0, 0, 0, 0, 0, 0, 0, 0, 0, 0, 0, 0, 0, 0, 0, 0, 0, 0, 0, 0, 0, 0, 0, 0, 0, 0, 0, 0, 0, 0, 0, 0, 0, 0, 0, 0, 0, 0, 0, 0, 0, 0, 0, 0, 0, 0, 0, 0, 0, 0, 0, 0, 0, 0, 0, 0, 2, 1, 2, 0, 0, 0, 0, 1, 0, 1, 0, 0, 0, 0, 1, 1], "binedges": [0.006647, 0.00683749, 0.0070279800000000005, 0.00721847, 0.00740896, 0.00759945, 0.00778994, 0.00798043, 0.00817092, 0.00836141, 0.0085519, 0.00874239, 0.00893288, 0.00912337, 0.00931386, 0.00950435, 0.00969484, 0.009885330000000001, 0.01007582, 0.01026631, 0.0104568, 0.01064729, 0.01083778, 0.01102827, 0.011218760000000001, 0.01140925, 0.01159974, 0.01179023, 0.01198072, 0.01217121, 0.0123617, 0.012552190000000001, 0.01274268, 0.01293317, 0.01312366, 0.01331415, 0.01350464, 0.01369513, 0.013885620000000001, 0.01407611, 0.0142666, 0.01445709, 0.01464758, 0.01483807, 0.01502856, 0.01521905, 0.01540954, 0.01560003, 0.015790520000000002, 0.01598101, 0.0161715, 0.01636199, 0.01655248, 0.01674297, 0.01693346, 0.01712395, 0.01731444, 0.017504930000000002, 0.01769542, 0.017885909999999998, 0.0180764, 0.01826689, 0.018457380000000002, 0.01864787, 0.01883836, 0.01902885, 0.01921934, 0.01940983, 0.01960032, 0.01979081, 0.0199813, 0.020171790000000002, 0.02036228, 0.020552769999999998, 0.02074326, 0.02093375, 0.021124240000000002, 0.02131473, 0.02150522, 0.02169571, 0.0218862, 0.02207669, 0.02226718, 0.02245767, 0.02264816, 0.02283865, 0.02302914, 0.02321963, 0.02341012, 0.02360061, 0.0237911, 0.02398159, 0.02417208, 0.02436257, 0.02455306, 0.02474355, 0.02493404, 0.02512453, 0.02531502, 0.02550551, 0.025696]}}, "Datapoints": 10, "RuleParameters": "min_threshold:70\nmax_threshold:200"}