{"RuleTriggered": 0, "Violations": 0, "Details": {"step_num": {"first": 1662012998511038, "last": 1662015471746619}, "job_start": 1662012927.000766, "job_end": 1662015479.500999}, "Datapoints": 85, "RuleParameters": "threshold:20"}