{"RuleTriggered": 0, "Violations": 0, "Details": {"ratio": {"cpu_functions": 100.0}, "phase": {"Step:ModeKeys.GLOBAL": 94.04078102047787, "others": 5.959218979522142}, "phase_time": {}, "general": {"DataLoaderIterInitialize": 0.008070679400649056, "Forward": 99.98325461832388, "DataLoaderIter": 0.008674702275467322}, "CPU": {"dropout": 2.9389359402490025, "matmul": 10.492131072095829, "mm": 30.536236019896045, "NativeLayerNormBackward": 5.77632250549657, "native_layer_norm_backward": 5.77482184083486, "MmBackward": 21.36974270207861, "GeluBackward": 11.55607193538906, "gelu_backward": 11.555737983960025}, "CPU_total": {"dropout": 11801456, "matmul": 42131719, "mm": 122619905, "NativeLayerNormBackward": 23195135, "native_layer_norm_backward": 23189109, "MmBackward": 85811356, "GeluBackward": 46404031, "gelu_backward": 46402690}}, "Datapoints": 0, "RuleParameters": ""}